company_name,company_type,delivery_setting,address,city,state,zip,phone,email,website_url,description,year_founded,employee_count_estimate,revenue_estimate,funding_status,rank_score,positive_signals,exclude_flags,status,verified,notes
PersonalizedMemory Care,psychiatry,multi_setting,,Charlotte,NC,28210,704-438-0687,info@gbh.care,https://www.gbh.care/,"We focus on memory care, geriatric psychiatry, and other senior care services for individuals residing in the community or Assisted Living Facilities in Charlotte, NC.",2011,,unknown,unknown,85,snf-delivery-confirmed; email-found; established-2011,,flagged_for_review,No,
Gerontology Network,psychiatry,multi_setting,4650 W Us Highway 223 Ste A,Adrian,MI,49221,517-226-2588,info@rehabmedia.com,,"Gerontology Network is a geriatric behavioral health practice serving seniors in Adrian, MI.",1992,,unknown,unknown,80,npi-verified group practice; email-found; established-1992; street-address-confirmed,,uncontacted,No,
Healthquest Pc,psychiatry,multi_setting,8130 Country Village Dr,Cordova,TN,38016,901-308-2915,admin@healthquestmemphis.com,https://healthquestmemphis.com/,"HealthQuest,PC specializes in providing mental health treatments, procedures, and counseling services. Visit our website to learn more.",1994,,unknown,unknown,80,npi-verified group practice; email-found; established-1994; street-address-confirmed,,uncontacted,No,
Credence Behavioral Health Pllc,psychiatry,multi_setting,115 Wiggington Rd,Lynchburg,VA,24502,434-253-0212,filler@godaddy.com,https://credencebh.com/,Explore compassionate care at Credence Behavioral Health. Our expert psychiatrists are here to support your mental wellness journey.,2011,,unknown,unknown,80,npi-verified group practice; email-found; established-2011; street-address-confirmed,,uncontacted,No,
PsychoGeriatric Services,psychiatry,snf,,Silver Spring,PA,20904,1301593131,,https://pgs-nhcare.com/,We are mental health professionals who are passionate about behavioral health for our most vulnerable populations.,1994,,unknown,unknown,78,since 19dd; partner facilities; established-1994,,uncontacted,No,
"Bhc- Behavioral Health Consultants, Inc",psychiatry,multi_setting,9525 Katy Fwy,Houston,TX,77024,713-463-9449,,https://bhchouston.com/,"Bhc- Behavioral Health Consultants, Inc is a behavioral health practice serving seniors in Houston, TX.",2010,,unknown,unknown,70,npi-verified group practice; established-2010; street-address-confirmed,,uncontacted,No,
"Cranberry Psychological Center, Inc.",psychiatry,multi_setting,100 Northpointe Cir,Seven Fields,PA,16046,724-772-4848,info@cranberrypsychcenter.com,https://www.cranberrypsychcenter.com/,"Cranberry Psychological Center, Inc. is a behavioral health practice serving seniors in Seven Fields, PA.",,,unknown,unknown,70,npi-verified group practice; email-found; street-address-confirmed,,uncontacted,No,
"Comprehensive Psychiatric Solutions, P.C.",psychiatry,multi_setting,1287 Fulton Rd,,MI,95401,707-800-7700,,,"Comprehensive Psychiatric Solutions, P.C. is a geriatric behavioral health practice serving seniors in MI.",1979,,unknown,unknown,70,npi-verified group practice; established-1979; street-address-confirmed,,uncontacted,No,
Psyche Wellbeing,psychiatry,multi_setting,201 Ne Park Plaza Dr Ste 200,,IL,98684,360-903-1829,billing@psychewellbeing.com,https://www.psychewellbeing.com/,"Psychiatrist nearby I Psyche Wellbeing I Dr. Jovel Viloria-Scarlet, PMHNP I ADHD I Depression I Anxiety I Online/In-person visit I Depression I Bipolar Disorder I Mental Health I Counselor",2024,,unknown,unknown,70,npi-verified group practice; email-found; street-address-confirmed,,uncontacted,No,
S S Behavioral Health Inc,psychiatry,multi_setting,477 E Butterfield Rd Ste 102,Lombard,IL,60148,630-528-3835,ssbehavioralhealth@outlook.com,https://ssbhclinic.com/,"S S Behavioral Health Inc is a behavioral health practice serving seniors in Lombard, IL.",,,unknown,unknown,70,npi-verified group practice; email-found; street-address-confirmed,,uncontacted,No,
"Symed Nc, Llc",psychiatry,multi_setting,3150 Lenox Park Blvd,Memphis,TN,38115,901-273-2350,,https://symed.net/,"Partnering with mental and behavioral health practices with over 25 years of specialized billing experience.Napa’s #1 Behavioral Health Billing CompanyLearn More Expertise | Guidance | Trust SyMed is recognized as a leading expert in capturing and reporting healthcare quality measures as part of our professional Revenue Cycle Management Service.We offer specialized billing, CalAIM Initiative RCM",2014,,unknown,unknown,70,npi-verified group practice; established-2014; street-address-confirmed,,uncontacted,No,
Behavioral Health Homes,behavioral_health,multi_setting,,Phoenix,AZ,85014,250610-2320,info@allthrive365.org,https://allthrive365.org/health/behavioral-health-homes/,"AllThrive 365 provides behavioral health homes in Arizona that offer emotional care, mental health services and support for long-term adult wellness needs.",1974,,unknown,unknown,70,email-found; established-1974,,uncontacted,No,
"Arizona Psychiatry, Pllc",psychiatry,multi_setting,258 E River Rd Ste 110,Tucson,AZ,85704,520-485-7836,info@arizonapsychiatry.com,https://arizonapsychiatry.com/,"Arizona Psychiatry, Pllc is a behavioral health practice serving seniors in Tucson, AZ.",,,unknown,unknown,70,npi-verified group practice; email-found; street-address-confirmed,,flagged_for_review,No,
"Bennett Blum, Md Inc.",psychiatry,multi_setting,5150 E Broadway Blvd,Tucson,AZ,85711,520-750-8868,bennettblum@aol.com,https://www.bennettblummd.com/,"Bennett Blum, Md Inc. is a behavioral health practice serving seniors in Tucson, AZ.",2025,,unknown,unknown,70,npi-verified group practice; email-found; street-address-confirmed,,flagged_for_review,No,Solo practitioner — verify if group practice before outreach
"District Medical Group, Inc",psychiatry,multi_setting,570 W Brown Rd,Mesa,AZ,85201,480-344-2000,admin@azpsych.org,https://www.azpsych.org/job-postings-and-ads/,employment and practice opportunities for psychiatry and advertisements for related services,2020,,unknown,unknown,70,npi-verified group practice; email-found; street-address-confirmed,,uncontacted,No,
Road To Healing Psychiatric Llc,psychiatry,multi_setting,600 1St Ave,Seattle,AZ,98104,281-846-5587,michaela.beaver@activehealingpsych.com,https://www.activehealingpsych.com/,"Active Healing Psychiatric Services Michaela Beaver DNP: Mental Health Clinic in Gilbert, San Tan Valley & Queen Creek—Therapy, Psychiatrist, ADHD Testing.",,,unknown,unknown,70,npi-verified group practice; email-found; street-address-confirmed,,uncontacted,No,
"Meditelecare Of Virginia, Llc",psychiatry,multi_setting,4701 Cox Rd Ste 285,Glen Allen,VA,23060,860-788-6404,info@empassion.com,,"Meditelecare Of Virginia, Llc is a geriatric behavioral health practice serving seniors in Glen Allen, VA.",,,unknown,unknown,70,npi-verified group practice; email-found; street-address-confirmed,,uncontacted,No,
Modyfi Health Inc,psychiatry,multi_setting,9841 Washingtonian Blvd,Gaithersburg,VA,20878,240-460-6211,clinic@modyfihealth.com,https://modyfihealth.com/privacy-practices/,"Modyfi Health Inc is a behavioral health practice serving seniors in Gaithersburg, VA.",2025,,unknown,unknown,70,npi-verified group practice; email-found; street-address-confirmed,,uncontacted,No,
Forte Health And Wellness Inc,psychiatry,multi_setting,8181 E Tufts Ave Ste 510,Denver,CO,80237,866-782-8393,hcpf_bhbenefits@state.co.us,https://hcpf.colorado.gov/integratedcare,"Forte Health And Wellness Inc is a behavioral health practice serving seniors in Denver, CO.",,,unknown,unknown,70,npi-verified group practice; email-found; street-address-confirmed,,uncontacted,No,
Meditelecare Of Minnesota Pllc,psychiatry,multi_setting,1010 Dale St N,Saint Paul,MN,55117,860-788-6404,info@empassion.com,,"Meditelecare Of Minnesota Pllc is a geriatric behavioral health practice serving seniors in Saint Paul, MN.",,,unknown,unknown,70,npi-verified group practice; email-found; street-address-confirmed,,uncontacted,No,
"Beacon Medical Group, Inc.",psychiatry,multi_setting,707 N Michigan St Ste 400,South Bend,IN,46601,574-647-8470,support@greatnonprofits.org,,"Beacon Medical Group, Inc. is a geriatric behavioral health practice serving seniors in South Bend, IN.",,,unknown,unknown,70,npi-verified group practice; email-found; street-address-confirmed,,uncontacted,No,
"Geriatric Health Care Associates, Inc",psychiatry,multi_setting,489 Carlisle Dr Ste A,Herndon,VA,20170,703-774-3234,,https://www.medcentral.com/psychiatry/is-your-practice-suffering-from-mental-health-care-gridlock,"Here, evidence-based strategies to shorten waiting lists, reduce no-shows, and bust the referral bottleneck – including lessons learned from the VA.",,18,$3M-$8M,unknown,68,npi-verified group practice; team-18; street-address-confirmed,,uncontacted,No,
Senior Living Referral Services,combined,multi_setting,,Rocklin,CO,95765,3039449802,,https://alwaysbestcare.com/denver/assisted-living-referral/,"Always Best Care specializes in senior living referral services, helping families find the ideal senior living residence. Discover the best assisted living communities in Denver for your loved ones with our expert guidance.",,,unknown,unknown,65,snf-delivery-confirmed,,flagged_for_review,No,
Dailytexasnews,psychiatry,multi_setting,,,TX,,1356566276,khn.navigatingaging@gmail.com,https://dailytexasnews.com/assisted-living-facilities-pressed-to-address-growing-needs-of-older-sicker-residents/,"Assisted living communities too often fail to meet the needs of older adults and should focus more on residents’ medical and mental health concerns, according to a recent report by a diverse panel of experts. It’s a clarion call for change inspired by the altered profile of the population that assisted living now serves. Residents",2013,,unknown,unknown,65,regional; snf-delivery-confirmed; email-found,,uncontacted,No,
"Assisted Living in Canton, GA",combined,multi_setting,,,GA,,678-981-6158,,https://manorlakebr.com/assisted-living,"Looking for assisted living in Canton, GA? We offer exceptional services to meet the needs of your loved ones in a comfortable, caring environment.",,7,$1M-$3M,unknown,65,snf-delivery-confirmed,,uncontacted,No,
Mental Health Services for Facilities,psychology,multi_setting,,,OH,,1661279993,,https://www.psychologyconsultantsinc.com/facilities,Our licensed psychologists and social workers provide in-house mental health services for residents of long-term care facilities throughout Northeast Ohio.,2022,,unknown,unknown,65,snf-delivery-confirmed,,uncontacted,No,
Ohio Assisted Living,psychiatry,multi_setting,,,OH,,(888) 989-7961,,https://www.retirementhomesnearme.net/assisted-living/ohio/,Assisted living in Ohio. Call (888) 989-7961 for help finding assisted living facilities in Ohio near you.,,,unknown,unknown,65,snf-delivery-confirmed,,flagged_for_review,No,
Memory Care Michigan,psychiatry,multi_setting,,,MI,,(877) 311-8349,,https://www.memorycarenearme.org/assisted-living/michigan/,Memory care in Michigan. Dementia and Alzheimer's care facilities in Michigan with secured memory care units and assisted living.,,,unknown,unknown,65,snf-delivery-confirmed,,uncontacted,No,
Online TherapyFor Seniors,psychology,multi_setting,,Teaneck,FL,07666,1778101030,info@centerforpurposefulaging.com,https://centerforpurposefulaging.com/,"Offering premier geriatric mental health services online for older adults, the Center for Purposeful Aging specializes in enhancing life quality through expert psychological support.",2023,,unknown,unknown,60,email-found,,uncontacted,No,
Prnhealthservices,neuropsychology,multi_setting,,Appleton,IL,54915,9698596984,wehirenurses@prninc.com,https://www.prnhealthservices.com/per-diem-opportunities,Work with the flexibility you never imagined. PRN Healthcare has per diem opportunities for nurses and allied health professionals!,,,unknown,unknown,60,email-found,,flagged_for_review,No,
Welcome to Colorado Pace,behavioral_health,multi_setting,,Aurora,CO,80012,888-788-1241,sender@omniasystems.net,https://coloradopace.org/,"Colorado PACE provides all-inclusive healthcare and support services for seniors, helping them live independently at home for as long as possible.",,,unknown,unknown,60,email-found,,uncontacted,No,
7872 Inc.,psychiatry,multi_setting,615 Clinic Dr,Longview,TX,75605,903-212-3105,,,"7872 Inc. is a geriatric behavioral health practice serving seniors in Longview, TX.",,,unknown,unknown,60,npi-verified group practice; street-address-confirmed,,uncontacted,No,
"Alejandro D. Kudisch M.D., Pa",psychiatry,multi_setting,110 E Savannah Ave,Mcallen,TX,78503,956-687-3000,,,"Alejandro D. Kudisch M.D., Pa is a geriatric behavioral health practice serving seniors in Mcallen, TX.",,,unknown,unknown,60,npi-verified group practice; street-address-confirmed,,flagged_for_review,No,Solo practitioner — verify if group practice before outreach
"Allan J. Mccorkle, M.D.,P.A.",psychiatry,multi_setting,7021 Kewanee Ave,Lubbock,TX,79424,806-355-1313,,,"Allan J. Mccorkle, M.D.,P.A. is a geriatric behavioral health practice serving seniors in Lubbock, TX.",,,unknown,unknown,60,npi-verified group practice; street-address-confirmed,,flagged_for_review,No,Solo practitioner — verify if group practice before outreach
Altaf Loya Md P.A.,psychiatry,multi_setting,150 E Medical Center Blvd Ste A,Webster,TX,77598,281-481-4646,,,"Altaf Loya Md P.A. is a geriatric behavioral health practice serving seniors in Webster, TX.",,,unknown,unknown,60,npi-verified group practice; street-address-confirmed,,flagged_for_review,No,Solo practitioner — verify if group practice before outreach
Asana Integrated Medical Group Pc,psychiatry,multi_setting,4500 N Lewis Ave,Sioux Falls,TX,57104,605-606-0100,,,"Asana Integrated Medical Group Pc is a geriatric behavioral health practice serving seniors in Sioux Falls, TX.",,,unknown,unknown,60,npi-verified group practice; street-address-confirmed,,uncontacted,No,
Axial Psychiatric Services Pllc,psychiatry,multi_setting,6730 Horizon Rd Ste C,Rockwall,TX,75032,972-645-4874,,,"Axial Psychiatric Services Pllc is a geriatric behavioral health practice serving seniors in Rockwall, TX.",,,unknown,unknown,60,npi-verified group practice; street-address-confirmed,,uncontacted,No,
Bd Health Inc.,psychiatry,multi_setting,17515 Spring Cypress Rd,Cypress,TX,77429,713-581-8792,,https://isportswire.com/dsw/probate-shepherd-announces-new-member-probate-attorney-in-the-isportswire-10330097,"Bd Health Inc. is a behavioral health practice serving seniors in Cypress, TX.",,,unknown,unknown,60,npi-verified group practice; street-address-confirmed,,uncontacted,No,
"Bd Health, Inc.",psychiatry,multi_setting,2400 Augusta Dr,Houston,TX,77057,713-581-8792,,,"Bd Health, Inc. is a geriatric behavioral health practice serving seniors in Houston, TX.",,,unknown,unknown,60,npi-verified group practice; street-address-confirmed,,uncontacted,No,
Beacon Mental Health & Social Services,psychiatry,multi_setting,1010 Waverly St,Houston,TX,77008,832-248-4636,,https://basepointacademy.com/locations/,"Beacon Mental Health & Social Services is a behavioral health practice serving seniors in Houston, TX.",,,unknown,unknown,60,npi-verified group practice; street-address-confirmed,,uncontacted,No,
Behavioral Health Specialists,psychiatry,multi_setting,3 Lace Pt,Spring,TX,77382,585-203-7308,,https://www.4bhs.org/,"Behavioral Health Specialists, The Turn-Key to Hope, Healing, and Recovery. We are here for you. Our services can help you live a better life.",,,unknown,unknown,60,npi-verified group practice; street-address-confirmed,,uncontacted,No,
Behavioral Healthcare Physicians Of Texas,psychiatry,multi_setting,9191 Pinecroft Dr Ste 250,Shenandoah,TX,77380,281-465-9300,,https://behavioralhealthcarephysicians.com/,"Adult Psychiatry, Geriatric, Child & Adolescent Psychiatrist in The Woodlands TX, Tomball, TX with years of experience managing various psychiatric disorders and conditions.",,,unknown,unknown,60,npi-verified group practice; street-address-confirmed,,uncontacted,No,
Bharath G Raj,psychiatry,multi_setting,3411 Cedar Knolls Dr Ste B,Kingwood,TX,77339,281-532-5462,,,"Bharath G Raj is a geriatric behavioral health practice serving seniors in Kingwood, TX.",,,unknown,unknown,60,npi-verified group practice; street-address-confirmed,,uncontacted,No,
Brian Levins Md Pllc,psychiatry,multi_setting,108 Wild Basin Rd Ste 250,West Lake Hills,TX,78746,214-363-2345,,,"Brian Levins Md Pllc is a geriatric behavioral health practice serving seniors in West Lake Hills, TX.",,,unknown,unknown,60,npi-verified group practice; street-address-confirmed,,flagged_for_review,No,Solo practitioner — verify if group practice before outreach
Brighter Day Health,psychiatry,multi_setting,10741 Barnsford Ln,Helotes,TX,78023,832-742-0117,,,"Brighter Day Health is a geriatric behavioral health practice serving seniors in Helotes, TX.",,,unknown,unknown,60,npi-verified group practice; street-address-confirmed,,uncontacted,No,
Brighter Day Health Llc,psychiatry,multi_setting,4843 Washington St,Boston,TX,02132,713-581-8801,,,"Brighter Day Health Llc is a geriatric behavioral health practice serving seniors in Boston, TX.",,,unknown,unknown,60,npi-verified group practice; street-address-confirmed,,uncontacted,No,
"Ableliving Memory Support, Pllc",psychiatry,multi_setting,6808 Cecelia Dr,New Port Richey,FL,34653,844-480-1830,,,"Ableliving Memory Support, Pllc is a geriatric behavioral health practice serving seniors in New Port Richey, FL.",,,unknown,unknown,60,npi-verified group practice; street-address-confirmed,,uncontacted,No,
Allay Health Services Llc,psychiatry,multi_setting,7777 Glades Rd Ste 100,Boca Raton,FL,33434,754-241-9094,,https://www.youtube.com/watch?v=NastuJfCQm8,"At Simplyhealth we firmly believe that an organisations greatest assets are its people, and the largest contributing factor to their happiness is their healt...",,,unknown,unknown,60,npi-verified group practice; street-address-confirmed,,uncontacted,No,
Amt Health Llc,psychiatry,multi_setting,1350 Sw 57Th Ave Ste 314,West Miami,FL,33144,786-216-7544,,,"Amt Health Llc is a geriatric behavioral health practice serving seniors in West Miami, FL.",,,unknown,unknown,60,npi-verified group practice; street-address-confirmed,,uncontacted,No,
Ana I Gonzalez Do Pa,psychiatry,multi_setting,2000 S Dixie Hwy,Miami,FL,33133,305-299-9680,,,"Ana I Gonzalez Do Pa is a geriatric behavioral health practice serving seniors in Miami, FL.",,,unknown,unknown,60,npi-verified group practice; street-address-confirmed,,flagged_for_review,No,Solo practitioner — verify if group practice before outreach
Atlantic Visiting Practice Pa,psychiatry,multi_setting,6310 Beach Blvd,Jacksonville,FL,32216,904-551-9757,,,"Atlantic Visiting Practice Pa is a geriatric behavioral health practice serving seniors in Jacksonville, FL.",,,unknown,unknown,60,npi-verified group practice; street-address-confirmed,,uncontacted,No,
Badalin Helvink Md,psychiatry,multi_setting,851 5Th Ave N,Naples,FL,34102,239-793-6463,,,"Badalin Helvink Md is a geriatric behavioral health practice serving seniors in Naples, FL.",,,unknown,unknown,60,npi-verified group practice; street-address-confirmed,,flagged_for_review,No,Solo practitioner — verify if group practice before outreach
Barbara Srur Md Pa,psychiatry,multi_setting,1625 S Osprey Ave,Sarasota,FL,34239,941-917-1463,,,"Barbara Srur Md Pa is a geriatric behavioral health practice serving seniors in Sarasota, FL.",,,unknown,unknown,60,npi-verified group practice; street-address-confirmed,,flagged_for_review,No,Solo practitioner — verify if group practice before outreach
Bay Psychiatric Services Inc,psychiatry,multi_setting,3227 Country Club Dr,Lynn Haven,FL,32444,850-271-9674,,,"Bay Psychiatric Services Inc is a geriatric behavioral health practice serving seniors in Lynn Haven, FL.",,,unknown,unknown,60,npi-verified group practice; street-address-confirmed,,uncontacted,No,
"Behavioral Healthcare Options, Inc.",psychiatry,multi_setting,100 Main St Ste 203,Safety Harbor,FL,34695,727-799-4150,,,"Behavioral Healthcare Options, Inc. is a geriatric behavioral health practice serving seniors in Safety Harbor, FL.",,,unknown,unknown,60,npi-verified group practice; street-address-confirmed,,uncontacted,No,
"Bobes Psychiatry, Llc",psychiatry,multi_setting,240 Crandon Blvd,Key Biscayne,FL,33149,305-439-0085,,,"Bobes Psychiatry, Llc is a geriatric behavioral health practice serving seniors in Key Biscayne, FL.",,,unknown,unknown,60,npi-verified group practice; street-address-confirmed,,uncontacted,No,
Bridgeconnect Psychiatry Pllc,psychiatry,multi_setting,400 N Tampa St Ste 1550,Tampa,FL,33602,407-620-8775,,,"Bridgeconnect Psychiatry Pllc is a geriatric behavioral health practice serving seniors in Tampa, FL.",,,unknown,unknown,60,npi-verified group practice; street-address-confirmed,,uncontacted,No,
"Creative Life Center, Llc",psychiatry,multi_setting,1637 Athens Hwy Ste B,Grayson,GA,30017,678-344-8269,,,"Creative Life Center, Llc is a geriatric behavioral health practice serving seniors in Grayson, GA.",,,unknown,unknown,60,npi-verified group practice; street-address-confirmed,,uncontacted,No,
Franckel Val Md Pc,psychiatry,multi_setting,2160 Fountain Dr,Snellville,GA,30078,404-583-0188,,,"Franckel Val Md Pc is a geriatric behavioral health practice serving seniors in Snellville, GA.",,,unknown,unknown,60,npi-verified group practice; street-address-confirmed,,flagged_for_review,No,Solo practitioner — verify if group practice before outreach
Gary S Figiel Md Pc,psychiatry,multi_setting,5505 Peachtree Dunwoody Rd Ne,Atlanta,GA,30342,404-497-1830,,,"Gary S Figiel Md Pc is a geriatric behavioral health practice serving seniors in Atlanta, GA.",,,unknown,unknown,60,npi-verified group practice; street-address-confirmed,,flagged_for_review,No,Solo practitioner — verify if group practice before outreach
Jae Pak Pc,psychiatry,multi_setting,2160 Fountain Drive,Snellville,GA,30078,770-982-1111,,http://www.drjpak.com/,"Healthcare for Seniors in Snellville, GA offers the best in medical care for patients aged 65 and older.",2020,,unknown,unknown,60,npi-verified group practice; street-address-confirmed,,uncontacted,No,
Jody Amazon Pc,psychiatry,multi_setting,2160 Fountain Dr Ste 220,Snellville,GA,30078,678-336-9102,,,"Jody Amazon Pc is a geriatric behavioral health practice serving seniors in Snellville, GA.",,,unknown,unknown,60,npi-verified group practice; street-address-confirmed,,uncontacted,No,
"Luis Hines & Associates, Pa",psychiatry,multi_setting,2828 Coral Way Ste 460,Coral Gables,GA,33145,305-642-5255,,https://www.joinchargeback.com/cancels/how-to-cancel-luis-hines-and-associates-pa,Chargeback is shutting down. Thank you for being part of our journey.,,,unknown,unknown,60,npi-verified group practice; street-address-confirmed,,uncontacted,No,
"Mercer Medicine, Llc",psychiatry,multi_setting,250 Martin Luther King Jr Blvd,Macon,GA,31201,478-301-2362,,https://www.mercermedicine.com/,Mercer Medicine has more than 30 primary care and specialty providers in six locations throughout south and middle Georgia providing a variety of in-house health care services.,,,unknown,unknown,60,npi-verified group practice; street-address-confirmed,,uncontacted,No,
"Mia J. Robinson, M.D., Llc",psychiatry,multi_setting,1821 Clifton Rd Ne,Atlanta,GA,30329,678-473-4793,,,"Mia J. Robinson, M.D., Llc is a geriatric behavioral health practice serving seniors in Atlanta, GA.",,,unknown,unknown,60,npi-verified group practice; street-address-confirmed,,flagged_for_review,No,Solo practitioner — verify if group practice before outreach
"Michael S Conley M.D., P.C.",psychiatry,multi_setting,315 W Ponce De Leon Ave Ste 1045,Decatur,GA,30030,404-681-4100,,,"Michael S Conley M.D., P.C. is a geriatric behavioral health practice serving seniors in Decatur, GA.",,,unknown,unknown,60,npi-verified group practice; street-address-confirmed,,flagged_for_review,No,Solo practitioner — verify if group practice before outreach
Neil Kahn M.D.,psychiatry,multi_setting,2711 Irvin Way,Decatur,GA,30030,404-501-0001,,,"Neil Kahn M.D. is a geriatric behavioral health practice serving seniors in Decatur, GA.",,,unknown,unknown,60,npi-verified group practice; street-address-confirmed,,flagged_for_review,No,Solo practitioner — verify if group practice before outreach
Novalux Psychiatry Pc,psychiatry,multi_setting,814 Entrenchment Ridge Ct,Kennesaw,GA,30152,919-884-0698,,,"Novalux Psychiatry Pc is a geriatric behavioral health practice serving seniors in Kennesaw, GA.",,,unknown,unknown,60,npi-verified group practice; street-address-confirmed,,uncontacted,No,
Osh-Mi Physicians Group Pc,psychiatry,multi_setting,1007 Summit Ave,Greensboro,GA,27405,336-200-7010,,,"Osh-Mi Physicians Group Pc is a geriatric behavioral health practice serving seniors in Greensboro, GA.",,,unknown,unknown,60,npi-verified group practice; street-address-confirmed,,uncontacted,No,
Psychiatric Services Of America,psychiatry,multi_setting,311 Gwinnett Dr.,Lawrenceville,GA,30046,770-910-9196,,,"Psychiatric Services Of America is a geriatric behavioral health practice serving seniors in Lawrenceville, GA.",,,unknown,unknown,60,npi-verified group practice; street-address-confirmed,,uncontacted,No,
Rogers Behavioral Health Practice - Georgia Pc,psychiatry,multi_setting,50 Glenlake Pkwy Ste 200,Sandy Springs,GA,30328,800-767-4411,,,"Rogers Behavioral Health Practice - Georgia Pc is a geriatric behavioral health practice serving seniors in Sandy Springs, GA.",,,unknown,unknown,60,npi-verified group practice; street-address-confirmed,,uncontacted,No,
"Ruxandra Mares, Md",psychiatry,multi_setting,100 Mariners Dr,Kingsland,GA,31548,912-510-0669,,,"Ruxandra Mares, Md is a geriatric behavioral health practice serving seniors in Kingsland, GA.",,,unknown,unknown,60,npi-verified group practice; street-address-confirmed,,flagged_for_review,No,Solo practitioner — verify if group practice before outreach
Salveo Integrative Health,psychiatry,multi_setting,311 Gwinnett Dr,Lawrenceville,GA,30046,770-910-9196,,https://www.salveoct.org/,"Salveo Integrative Health is a behavioral health practice serving seniors in Lawrenceville, GA.",2024,,unknown,unknown,60,npi-verified group practice; street-address-confirmed,,uncontacted,No,
Smh Physician Services Inc,psychiatry,multi_setting,1700 S Tamiami Trl,Sarasota,GA,34239,941-917-8720,,,"Smh Physician Services Inc is a geriatric behavioral health practice serving seniors in Sarasota, GA.",,,unknown,unknown,60,npi-verified group practice; street-address-confirmed,,uncontacted,No,
Beverly N Jones Iii Md Pa,psychiatry,multi_setting,3111 Maplewood Ave,Winston Salem,NC,27103,336-659-8817,,,"Beverly N Jones Iii Md Pa is a geriatric behavioral health practice serving seniors in Winston Salem, NC.",,,unknown,unknown,60,npi-verified group practice; street-address-confirmed,,flagged_for_review,No,Solo practitioner — verify if group practice before outreach
"Bridge To Affective Wellnes, Pllc",psychiatry,multi_setting,1028 Lee-Ann Dr. Ne,Concord,NC,28025,980-272-1908,,,"Bridge To Affective Wellnes, Pllc is a geriatric behavioral health practice serving seniors in Concord, NC.",,,unknown,unknown,60,npi-verified group practice; street-address-confirmed,,uncontacted,No,
"East Carolina Psychiatric Consultants,Pllc",psychiatry,multi_setting,916 Eleventh St,Goldsboro,NC,27534,919-735-9119,,,"East Carolina Psychiatric Consultants,Pllc is a geriatric behavioral health practice serving seniors in Goldsboro, NC.",,,unknown,unknown,60,npi-verified group practice; street-address-confirmed,,uncontacted,No,
"Extended Care Physicians - Coastal, Pa",psychiatry,multi_setting,1013 Porters Neck Rd,Wilmington,NC,28411,910-795-1471,,,"Extended Care Physicians - Coastal, Pa is a geriatric behavioral health practice serving seniors in Wilmington, NC.",,,unknown,unknown,60,npi-verified group practice; street-address-confirmed,,uncontacted,No,
Extended Care Physicians - Metrolina Pa,psychiatry,multi_setting,90 Southside Ave,Asheville,NC,28801,828-277-4810,,,"Extended Care Physicians - Metrolina Pa is a geriatric behavioral health practice serving seniors in Asheville, NC.",,,unknown,unknown,60,npi-verified group practice; street-address-confirmed,,uncontacted,No,
"Extended Care Physicians - Mountain, Pa",psychiatry,multi_setting,90 Southside Ave,Asheville,NC,28801,828-277-4810,,,"Extended Care Physicians - Mountain, Pa is a geriatric behavioral health practice serving seniors in Asheville, NC.",,,unknown,unknown,60,npi-verified group practice; street-address-confirmed,,uncontacted,No,
"Geriatric Neuropsychiatry Services, Pllc",psychiatry,multi_setting,5407 Sky Lane Dr,Durham,NC,27704,919-682-0323,,,"Geriatric Neuropsychiatry Services, Pllc is a geriatric behavioral health practice serving seniors in Durham, NC.",,,unknown,unknown,60,npi-verified group practice; street-address-confirmed,,uncontacted,No,
"Inpatient Consultants Of North Carolina, Pc",psychiatry,multi_setting,2001 Vail Ave Fl 7,Charlotte,NC,28207,314-317-0600,,,"Inpatient Consultants Of North Carolina, Pc is a geriatric behavioral health practice serving seniors in Charlotte, NC.",,,unknown,unknown,60,npi-verified group practice; street-address-confirmed,,uncontacted,No,
"Kristin Mcarthur, Md, Pllc",psychiatry,multi_setting,1250 Se Maynard Rd Ste 204,Cary,NC,27511,919-948-7718,,,"Kristin Mcarthur, Md, Pllc is a geriatric behavioral health practice serving seniors in Cary, NC.",,,unknown,unknown,60,npi-verified group practice; street-address-confirmed,,flagged_for_review,No,Solo practitioner — verify if group practice before outreach
Meditelecare Of North Carolina Pllc,psychiatry,multi_setting,2626 Glenwood Ave Ste 550,Raleigh,NC,27608,860-788-6404,,,"Meditelecare Of North Carolina Pllc is a geriatric behavioral health practice serving seniors in Raleigh, NC.",,,unknown,unknown,60,npi-verified group practice; street-address-confirmed,,uncontacted,No,
"Mission Medical Associates, Inc",psychiatry,multi_setting,900 Hendersonville Rd,Asheville,NC,28803,828-213-8235,,,"Mission Medical Associates, Inc is a geriatric behavioral health practice serving seniors in Asheville, NC.",,,unknown,unknown,60,npi-verified group practice; street-address-confirmed,,uncontacted,No,
"Mountain Area Health Education Center, Inc.",psychiatry,multi_setting,119 Hendersonville Rd,Asheville,NC,28803,828-771-5500,,,"Mountain Area Health Education Center, Inc. is a geriatric behavioral health practice serving seniors in Asheville, NC.",,,unknown,unknown,60,npi-verified group practice; street-address-confirmed,,uncontacted,No,
New Hope Specialty Clinic,psychiatry,multi_setting,3101 Latrobe Dr,Charlotte,NC,28211,704-817-8331,,,"New Hope Specialty Clinic is a geriatric behavioral health practice serving seniors in Charlotte, NC.",,,unknown,unknown,60,npi-verified group practice; street-address-confirmed,,uncontacted,No,
North Carolina Elderly Psychiatric,psychiatry,multi_setting,606 Wade Ave,Raleigh,NC,27605,919-443-2360,,https://pubmed.ncbi.nlm.nih.gov/25398071/,"North Carolina Elderly Psychiatric is a behavioral health practice serving seniors in Raleigh, NC.",,,unknown,unknown,60,npi-verified group practice; street-address-confirmed,,flagged_for_review,No,
"Novant Medical Group, Inc.",psychiatry,multi_setting,1904 Jake Alexander Blvd W,Salisbury,NC,28147,704-637-1888,,,"Novant Medical Group, Inc. is a geriatric behavioral health practice serving seniors in Salisbury, NC.",,,unknown,unknown,60,npi-verified group practice; street-address-confirmed,,uncontacted,No,
Onsite Care Pllc,psychiatry,multi_setting,10130 Perimeter Pkwy,Charlotte,NC,28216,888-849-7379,,https://www.owler.com/company/onsitecarenc,"Onsite Care Pllc is a behavioral health practice serving seniors in Charlotte, NC.",,,unknown,unknown,60,npi-verified group practice; street-address-confirmed,,uncontacted,No,
Aiken Psychiatric And Psychotherapy Associates Pa,psychiatry,multi_setting,33 Varden Dr,Aiken,SC,29803,803-642-3801,,,"Aiken Psychiatric And Psychotherapy Associates Pa is a geriatric behavioral health practice serving seniors in Aiken, SC.",,,unknown,unknown,60,npi-verified group practice; street-address-confirmed,,uncontacted,No,
Coastal House Calls,psychiatry,multi_setting,671 Jamestown Dr Ste 203,Murrells Inlet,SC,29576,843-286-5383,,,"Coastal House Calls is a geriatric behavioral health practice serving seniors in Murrells Inlet, SC.",,,unknown,unknown,60,npi-verified group practice; street-address-confirmed,,uncontacted,No,
Donald J Curran Do Pllc,psychiatry,multi_setting,401 S Calvary Way,Cottonwood,SC,86326,843-651-2624,,https://www.thecmecenter.org/speaker/donald-curran-491272,Products and seminars from Donald Curran - The CME Center,,,unknown,unknown,60,npi-verified group practice; street-address-confirmed,,flagged_for_review,No,Solo practitioner — verify if group practice before outreach
Elizabeth C. Grueneberger,psychiatry,multi_setting,519 Live Oak Dr,Mount Pleasant,SC,29464,843-971-8808,,,"Elizabeth C. Grueneberger is a geriatric behavioral health practice serving seniors in Mount Pleasant, SC.",,,unknown,unknown,60,npi-verified group practice; street-address-confirmed,,uncontacted,No,
Erin Seery Llc,psychiatry,multi_setting,25 Main Street,Stockbridge,SC,01262,413-931-5831,,,"Erin Seery Llc is a geriatric behavioral health practice serving seniors in Stockbridge, SC.",,,unknown,unknown,60,npi-verified group practice; street-address-confirmed,,uncontacted,No,
Fort Mill Senior Wellness Llc,psychiatry,multi_setting,331 E Main St Ste 200,Rock Hill,SC,29730,704-438-0687,,,"Fort Mill Senior Wellness Llc is a geriatric behavioral health practice serving seniors in Rock Hill, SC.",,,unknown,unknown,60,npi-verified group practice; street-address-confirmed,,uncontacted,No,
Meditelecare Of South Carolina Llc,psychiatry,multi_setting,508 Meeting St,West Columbia,SC,29169,860-788-6404,,,"Meditelecare Of South Carolina Llc is a geriatric behavioral health practice serving seniors in West Columbia, SC.",,,unknown,unknown,60,npi-verified group practice; street-address-confirmed,,uncontacted,No,
Palmetto Specialty Long Term Care,psychiatry,multi_setting,2315 Gadsden St,Columbia,SC,29201,803-260-1019,,,"Palmetto Specialty Long Term Care is a geriatric behavioral health practice serving seniors in Columbia, SC.",,,unknown,unknown,60,npi-verified group practice; street-address-confirmed,,uncontacted,No,
Solis Medical Group Ca Pc,psychiatry,multi_setting,341 Evian Way,Mt Pleasant,SC,29464,833-869-1532,,,"Solis Medical Group Ca Pc is a geriatric behavioral health practice serving seniors in Mt Pleasant, SC.",,,unknown,unknown,60,npi-verified group practice; street-address-confirmed,,uncontacted,No,
"Table Rock Integrated Health And Wellness Practice, Llc.",psychiatry,multi_setting,5 Center St,Travelers Rest,SC,29690,864-908-6372,,,"Table Rock Integrated Health And Wellness Practice, Llc. is a geriatric behavioral health practice serving seniors in Travelers Rest, SC.",,,unknown,unknown,60,npi-verified group practice; street-address-confirmed,,uncontacted,No,
Threehorn Ltd. Co.,psychiatry,multi_setting,109 N. Earle St.,Walhalla,SC,29691,864-249-7800,,,"Threehorn Ltd. Co. is a geriatric behavioral health practice serving seniors in Walhalla, SC.",,,unknown,unknown,60,npi-verified group practice; street-address-confirmed,,uncontacted,No,
Upstate Psychiatric Consulting Llc,psychiatry,multi_setting,301 Halton Rd Ste J,Greenville,SC,29607,864-964-7600,,,"Upstate Psychiatric Consulting Llc is a geriatric behavioral health practice serving seniors in Greenville, SC.",,,unknown,unknown,60,npi-verified group practice; street-address-confirmed,,uncontacted,No,
Wellspring Healthcare Llc,psychiatry,multi_setting,1415 Blanding St Ste 4,Columbia,SC,29201,803-779-7500,,,"Wellspring Healthcare Llc is a geriatric behavioral health practice serving seniors in Columbia, SC.",,,unknown,unknown,60,npi-verified group practice; street-address-confirmed,,uncontacted,No,
Braddock Center For Behavioral Medicine,psychiatry,multi_setting,200 Medical Arts Bldg,Kittanning,PA,16201,724-543-1043,,,"Braddock Center For Behavioral Medicine is a geriatric behavioral health practice serving seniors in Kittanning, PA.",,,unknown,unknown,60,npi-verified group practice; street-address-confirmed,,uncontacted,No,
"Choudhry B.M. And Associates, Llc",psychiatry,multi_setting,420 S Jackson St,Pottsville,PA,17901,570-621-5500,,,"Choudhry B.M. And Associates, Llc is a geriatric behavioral health practice serving seniors in Pottsville, PA.",,,unknown,unknown,60,npi-verified group practice; street-address-confirmed,,uncontacted,No,
"Commonwealth Affiliated Services, Inc",psychiatry,multi_setting,2215 Forest Hills Dr,Harrisburg,PA,17112,717-540-5353,,https://commonwealthaffiliates.com/providers,"Commonwealth Affiliated Services, Inc is a behavioral health practice serving seniors in Harrisburg, PA.",,,unknown,unknown,60,npi-verified group practice; street-address-confirmed,,uncontacted,No,
"David Liskov, Md",psychiatry,multi_setting,562 Wyoming Ave,Kingston,PA,18704,570-552-3900,,,"David Liskov, Md is a geriatric behavioral health practice serving seniors in Kingston, PA.",,,unknown,unknown,60,npi-verified group practice; street-address-confirmed,,flagged_for_review,No,Solo practitioner — verify if group practice before outreach
"Delaware Valley Behavioral Health, P.C.",psychiatry,multi_setting,1305 Medford Rd,Wynnewood,PA,19096,215-482-4827,,https://www.npinumberlookup.org/delaware-valley-behavioral-health-pc-wynnewood-pa-1700895240,"Delaware Valley Behavioral Health, P.C. is registered in Wynnewood, PA, and has an NPI number of 1700895240 and an enumeration data of 8/5/2006 Check Now for More Details!",,,unknown,unknown,60,npi-verified group practice; street-address-confirmed,,flagged_for_review,No,
Fayette Specialty Associates,psychiatry,multi_setting,211 Easy St,Uniontown,PA,15401,724-425-8332,,,"Fayette Specialty Associates is a geriatric behavioral health practice serving seniors in Uniontown, PA.",,,unknown,unknown,60,npi-verified group practice; street-address-confirmed,,uncontacted,No,
Geisinger Clinic,psychiatry,multi_setting,100 N Academy Ave,Danville,PA,17822,570-271-6211,,,"Geisinger Clinic is a geriatric behavioral health practice serving seniors in Danville, PA.",,,unknown,unknown,60,npi-verified group practice; street-address-confirmed,,uncontacted,No,
Invision Customized Services,psychiatry,multi_setting,12450 Perry Hwy,Wexford,PA,15090,724-933-5100,,https://www.gofundme.com/charity/invision-customized-services-invision-human-services,"Invision Customized Services is a behavioral health practice serving seniors in Wexford, PA.",,,unknown,unknown,60,npi-verified group practice; street-address-confirmed,,uncontacted,No,
Levy Psychiatric Associates Llc,psychiatry,multi_setting,8001 Roosevelt Blvd Suite 100,Philadelphia,PA,19152,215-333-7560,,,"Levy Psychiatric Associates Llc is a geriatric behavioral health practice serving seniors in Philadelphia, PA.",,,unknown,unknown,60,npi-verified group practice; street-address-confirmed,,uncontacted,No,
Life Revival Llc,psychiatry,multi_setting,6404 Roosevelt Blvd,Philadelphia,PA,19149,267-577-7747,,,"Life Revival Llc is a geriatric behavioral health practice serving seniors in Philadelphia, PA.",,,unknown,unknown,60,npi-verified group practice; street-address-confirmed,,uncontacted,No,
Medical Psychiatric Associates Of Delaware Valley,psychiatry,multi_setting,4641 Roosevelt Blvd,Philadelphia,PA,19124,215-831-7932,,,"Medical Psychiatric Associates Of Delaware Valley is a geriatric behavioral health practice serving seniors in Philadelphia, PA.",,,unknown,unknown,60,npi-verified group practice; street-address-confirmed,,uncontacted,No,
Meditelecare Of Pennsylvania Llc,psychiatry,multi_setting,600 N 2Nd St Ste 401,Harrisburg,PA,17101,860-788-6404,,https://www.topsitessearch.com/medteleco.com/,Medteleco.com| Creation date: 2003-09-22T20:37:34Z. Ranking. IP: 141.193.213.20,,,unknown,unknown,60,npi-verified group practice; street-address-confirmed,,uncontacted,No,
Modern Wellness Collective Llc,psychiatry,multi_setting,3228 N 20Th Street,Philadelphia,PA,19140,445-800-5022,,https://www.youtube.com/watch?v=HcTtoGhn0Dc,"What if companies invested as much in their employee's mental well-being as they do in their physical health, or in their corporate environmental impact?  Ja...",,,unknown,unknown,60,npi-verified group practice; street-address-confirmed,,uncontacted,No,
"Amg Health, Inc.",psychiatry,multi_setting,8945 Longbrook Dr,Macedonia,OH,44056,216-276-5628,,,"Amg Health, Inc. is a geriatric behavioral health practice serving seniors in Macedonia, OH.",,,unknown,unknown,60,npi-verified group practice; street-address-confirmed,,uncontacted,No,
Assurance Health Toledo Llc,psychiatry,multi_setting,4040 King Rd,Sylvania,OH,43560,317-870-1396,,https://www.hospitalinspections.org/state/oh,Search hospital inspections conducted across the United State,2023,,unknown,unknown,60,npi-verified group practice; street-address-confirmed,,uncontacted,No,
Bharat J Shah Md Inc,psychiatry,multi_setting,63 Baker Blvd,Fairlawn,OH,44333,330-572-0641,,,"Bharat J Shah Md Inc is a geriatric behavioral health practice serving seniors in Fairlawn, OH.",,,unknown,unknown,60,npi-verified group practice; street-address-confirmed,,flagged_for_review,No,Solo practitioner — verify if group practice before outreach
"Chander Mohan, M.D., Inc.",psychiatry,multi_setting,275 Graham Rd,Cuyahoga Falls,OH,44223,330-929-9794,,,"Chander Mohan, M.D., Inc. is a geriatric behavioral health practice serving seniors in Cuyahoga Falls, OH.",,,unknown,unknown,60,npi-verified group practice; street-address-confirmed,,flagged_for_review,No,Solo practitioner — verify if group practice before outreach
Drs Rivera Inc,psychiatry,multi_setting,4460 Red Bank Rd,Cincinnati,OH,45227,513-297-4070,,,"Drs Rivera Inc is a geriatric behavioral health practice serving seniors in Cincinnati, OH.",,,unknown,unknown,60,npi-verified group practice; street-address-confirmed,,uncontacted,No,
"Francis L. Mccafferty, M.D., Inc.",psychiatry,multi_setting,31314 Center Ridge Rd,Westlake,OH,44145,440-835-3892,,,"Francis L. Mccafferty, M.D., Inc. is a geriatric behavioral health practice serving seniors in Westlake, OH.",,,unknown,unknown,60,npi-verified group practice; street-address-confirmed,,flagged_for_review,No,Solo practitioner — verify if group practice before outreach
Gary A Balster Md Inc,psychiatry,multi_setting,2218 S Patterson Blvd,Dayton,OH,45409,937-299-1918,,,"Gary A Balster Md Inc is a geriatric behavioral health practice serving seniors in Dayton, OH.",,,unknown,unknown,60,npi-verified group practice; street-address-confirmed,,flagged_for_review,No,Solo practitioner — verify if group practice before outreach
Geriatric Practice Llc,psychiatry,multi_setting,839 Cherry St,Blanchester,OH,45107,513-432-8735,,,"Geriatric Practice Llc is a geriatric behavioral health practice serving seniors in Blanchester, OH.",,,unknown,unknown,60,npi-verified group practice; street-address-confirmed,,uncontacted,No,
"Geropsych Psychiatry, Ltd",psychiatry,multi_setting,151 Orchardview Rd Ste 2B,Seven Hills,OH,44131,844-779-2433,,,"Geropsych Psychiatry, Ltd is a geriatric behavioral health practice serving seniors in Seven Hills, OH.",,,unknown,unknown,60,npi-verified group practice; street-address-confirmed,,uncontacted,No,
"Geropsych, Inc.",psychiatry,multi_setting,151 Orchardview Rd Ste 2B,Seven Hills,OH,44131,844-779-2433,,https://longevityworldsummit.com/,"Geropsych, Inc. is a behavioral health practice serving seniors in Seven Hills, OH.",,,unknown,unknown,60,npi-verified group practice; street-address-confirmed,,uncontacted,No,
"Gogo Technologies, Inc.",psychiatry,multi_setting,26250 Euclid Ave Fl 9,Euclid,OH,44132,619-917-5091,,https://nationalprovider.org/geriatric-medicine-internal-medicine-physician/gogo-technologies-inc-1114497658,"View detailed information about GOGO TECHNOLOGIES, INC., NPI 1114497658. Includes specialties, practice locations, contact information, and more.",,,unknown,unknown,60,npi-verified group practice; street-address-confirmed,,uncontacted,No,
Gupta Psychiatric Services Llc,psychiatry,multi_setting,3260 Westbourne Dr,Cincinnati,OH,45248,513-421-4099,,https://gupta-psychiatry-north-raleigh.wheree.com/,"Gupta Psychiatric Services Llc is a behavioral health practice serving seniors in Cincinnati, OH.",,,unknown,unknown,60,npi-verified group practice; street-address-confirmed,,uncontacted,No,
Healthy Minds For You Lpa,psychiatry,multi_setting,11492 Youngstown Pittsburgh Rd,New Middletown,OH,44442,330-915-2773,,,"Healthy Minds For You Lpa is a geriatric behavioral health practice serving seniors in New Middletown, OH.",,,unknown,unknown,60,npi-verified group practice; street-address-confirmed,,uncontacted,No,
"Hni Psych Services Of Florida, Llc",psychiatry,multi_setting,13881 Eagle Ridge Dr,Fort Myers,OH,33912,239-561-7700,,,"Hni Psych Services Of Florida, Llc is a geriatric behavioral health practice serving seniors in Fort Myers, OH.",,,unknown,unknown,60,npi-verified group practice; street-address-confirmed,,uncontacted,No,
James Shackson Md,psychiatry,multi_setting,9525 Kenwood Rd,Cincinnati,OH,45242,513-721-3504,,https://www.md.com/doctor/james-shackson-md,"James Shackson Md is a behavioral health practice serving seniors in Cincinnati, OH.",,,unknown,unknown,60,npi-verified group practice; street-address-confirmed,,flagged_for_review,No,Solo practitioner — verify if group practice before outreach
Marguerite M Blythe,psychiatry,multi_setting,4903 Vine St,Cincinnati,OH,45217,513-421-2900,,,"Marguerite M Blythe is a geriatric behavioral health practice serving seniors in Cincinnati, OH.",,,unknown,unknown,60,npi-verified group practice; street-address-confirmed,,uncontacted,No,
My Mobile Md Rounding Providers Inc,psychiatry,multi_setting,429 E Vermont St Ste 110,Indianapolis,OH,46202,317-559-0950,,,"My Mobile Md Rounding Providers Inc is a geriatric behavioral health practice serving seniors in Indianapolis, OH.",,,unknown,unknown,60,npi-verified group practice; street-address-confirmed,,flagged_for_review,No,Solo practitioner — verify if group practice before outreach
Address Healthcare Of Michigan Pllc,psychiatry,multi_setting,600 Monroe Avenue Nw,Grand Rapids,MI,49503,616-366-4234,,https://www.simplyhired.com/search?q=urgent+care+-+physician&l=michigan,"Address Healthcare Of Michigan Pllc is a behavioral health practice serving seniors in Grand Rapids, MI.",,,unknown,unknown,60,npi-verified group practice; street-address-confirmed,,uncontacted,No,
Baddigam Family Psychiatric Associates Pllc,psychiatry,multi_setting,43211 Dalcoma Dr,Clinton Township,MI,48038,586-263-6812,,,"Baddigam Family Psychiatric Associates Pllc is a geriatric behavioral health practice serving seniors in Clinton Township, MI.",,,unknown,unknown,60,npi-verified group practice; street-address-confirmed,,uncontacted,No,
"Bcs Of Illinois, S.C.",psychiatry,multi_setting,1 Westbrook Corporate Ctr,Westchester,MI,60154,877-906-9699,,,"Bcs Of Illinois, S.C. is a geriatric behavioral health practice serving seniors in Westchester, MI.",,,unknown,unknown,60,npi-verified group practice; street-address-confirmed,,uncontacted,No,
"Commerce Township Psychiatry,Pllc",psychiatry,multi_setting,6021 Carroll Lake Rd,Commerce Township,MI,48382,248-225-7232,,,"Commerce Township Psychiatry,Pllc is a geriatric behavioral health practice serving seniors in Commerce Township, MI.",,,unknown,unknown,60,npi-verified group practice; street-address-confirmed,,uncontacted,No,
Continuum Psychiatric Services Llp,psychiatry,multi_setting,111 Trealout Dr,Fenton,MI,48430,810-629-7538,,,"Continuum Psychiatric Services Llp is a geriatric behavioral health practice serving seniors in Fenton, MI.",,,unknown,unknown,60,npi-verified group practice; street-address-confirmed,,uncontacted,No,
"Continuum Psychiatric Services, Llp",psychiatry,multi_setting,28275 Five Mile Rd,Livonia,MI,48154,734-402-0254,,,"Continuum Psychiatric Services, Llp is a geriatric behavioral health practice serving seniors in Livonia, MI.",,,unknown,unknown,60,npi-verified group practice; street-address-confirmed,,uncontacted,No,
"Gerald A. Shiener, M.D.,P.C.",psychiatry,multi_setting,251 E Merrill St,Birmingham,MI,48009,248-645-5155,,,"Gerald A. Shiener, M.D.,P.C. is a geriatric behavioral health practice serving seniors in Birmingham, MI.",,,unknown,unknown,60,npi-verified group practice; street-address-confirmed,,flagged_for_review,No,Solo practitioner — verify if group practice before outreach
Geropsych Group Llc,psychiatry,multi_setting,32270 Telegraph Rd Ste 240,Bingham Farms,MI,48025,248-593-1717,,,"Geropsych Group Llc is a geriatric behavioral health practice serving seniors in Bingham Farms, MI.",,,unknown,unknown,60,npi-verified group practice; street-address-confirmed,,uncontacted,No,
Geropsych-At-Home,psychiatry,multi_setting,1267 Lone Pine Rd,Bloomfield Hills,MI,48302,248-661-7393,,,"Geropsych-At-Home is a geriatric behavioral health practice serving seniors in Bloomfield Hills, MI.",,,unknown,unknown,60,npi-verified group practice; street-address-confirmed,,uncontacted,No,
Michigan Progressive Health Ann Arbor,psychiatry,multi_setting,2300 Washtenaw Ave Ste 100,Ann Arbor,MI,48104,734-585-5587,,https://hello.michiganprogressivehealth.com/,"Experience transformative therapy at Michigan Progressive Health for depression, anxiety, PTSD, chronic pain relief and more.",,,unknown,unknown,60,npi-verified group practice; street-address-confirmed,,flagged_for_review,No,
Msu Health Care Inc.,psychiatry,multi_setting,909 Wilson Rd Ste B119,East Lansing,MI,48824,517-353-3070,,,"Msu Health Care Inc. is a geriatric behavioral health practice serving seniors in East Lansing, MI.",,,unknown,unknown,60,npi-verified group practice; street-address-confirmed,,uncontacted,No,
All Medical 1 Llc,psychiatry,multi_setting,105 N Laramie Ave.,Chicago,IL,60644,847-477-7502,,https://www.youtube.com/watch?v=PB1_UmtXO-4,Become a member and get extra content from us weekly below!https://mystrawberrypark.com/SHOP SP CLOTHING: https://www.strawberrypark.storeListen to our Podca...,,,unknown,unknown,60,npi-verified group practice; street-address-confirmed,,uncontacted,No,
Arora Associates Llc,psychiatry,multi_setting,4305 Lone Tree Ct,Naperville,IL,60564,630-241-1495,,,"Arora Associates Llc is a geriatric behavioral health practice serving seniors in Naperville, IL.",,,unknown,unknown,60,npi-verified group practice; street-address-confirmed,,uncontacted,No,
"Associates In Psychiatric Wellness, Lp",psychiatry,multi_setting,4711 Golf Rd,Skokie,IL,60076,224-217-9019,,https://svoi.us/company/associates-in-psychiatric-wellness-lp-mark-shukhman-md-7239,"Психиатрия и психология от компании Associates in Psychiatric Wellness, LP - Mark Shukhman, MD по приемлемым ценам в Скоки. Телефон: 8475634488, 2242179019",,,unknown,unknown,60,npi-verified group practice; street-address-confirmed,,uncontacted,No,
Benedict L Gierl Md And Associates Ltd,psychiatry,multi_setting,320 N Lombard Ave,Oak Park,IL,60302,708-386-1831,,,"Benedict L Gierl Md And Associates Ltd is a geriatric behavioral health practice serving seniors in Oak Park, IL.",,,unknown,unknown,60,npi-verified group practice; street-address-confirmed,,flagged_for_review,No,Solo practitioner — verify if group practice before outreach
Crosspoint Human Services,psychiatry,multi_setting,309 N Logan Ave,Danville,IL,61832,217-431-1785,,https://www.crosspointhumanservices.org/,"Crosspoint Human Services delivers behavioral health services, crisis response, domestic violence support, mental health care, and community programs in Danville, Illinois. Discover compassionate, evidence based help for individuals and families.",,,unknown,unknown,60,npi-verified group practice; street-address-confirmed,,uncontacted,No,
Geriatric Care Associates,psychiatry,multi_setting,540 Oakmont Ln,Westmont,IL,60559,630-321-1115,,,"Geriatric Care Associates is a geriatric behavioral health practice serving seniors in Westmont, IL.",,,unknown,unknown,60,npi-verified group practice; street-address-confirmed,,uncontacted,No,
"Health Hub, Llc",psychiatry,multi_setting,1909 Ogden Ave,Downers Grove,IL,60515,630-750-7920,,,"Health Hub, Llc is a geriatric behavioral health practice serving seniors in Downers Grove, IL.",,,unknown,unknown,60,npi-verified group practice; street-address-confirmed,,uncontacted,No,
Leonard D Elkun Md Sc,psychiatry,multi_setting,411 W Ontario St,Chicago,IL,60610,312-943-8322,,,"Leonard D Elkun Md Sc is a geriatric behavioral health practice serving seniors in Chicago, IL.",,,unknown,unknown,60,npi-verified group practice; street-address-confirmed,,flagged_for_review,No,Solo practitioner — verify if group practice before outreach
Loving Minds Llc,psychiatry,multi_setting,8115 W Duane Dr,Frankfort,IL,60423,424-653-4014,,,"Loving Minds Llc is a geriatric behavioral health practice serving seniors in Frankfort, IL.",,,unknown,unknown,60,npi-verified group practice; street-address-confirmed,,uncontacted,No,
Psychiatric Consultants Of Illinois,psychiatry,multi_setting,2010 N Harlem Ave,Elmwood Park,IL,60707,708-452-4443,,https://www.consultingcorp.org/psychiatric-consultants-of,"Bio & contact info for PSYCHIATRIC CONSULTANTS OF TENNESSEE, PLLC",,,unknown,unknown,60,npi-verified group practice; street-address-confirmed,,uncontacted,No,
Robert S Baker Md Ltd,psychiatry,multi_setting,4160 Rt 83,Long Grove,IL,60047,847-955-1139,,,"Robert S Baker Md Ltd is a geriatric behavioral health practice serving seniors in Long Grove, IL.",,,unknown,unknown,60,npi-verified group practice; street-address-confirmed,,flagged_for_review,No,Solo practitioner — verify if group practice before outreach
"Rogers Behavioral Health Practice - Illinois, Pc",psychiatry,multi_setting,5750 Old Orchard Rd Ste 200,Skokie,IL,60077,800-767-4411,,https://www.youtube.com/channel/UCoKMuiMSxWVVF9-tTCXHZvQ,Rogers Behavioral Health is a non-profit provider of highly effective specialized mental health and addiction treatment. Based in Wisconsin since 1907 with l...,,,unknown,unknown,60,npi-verified group practice; street-address-confirmed,,uncontacted,No,
Adult And Geriatric Psychiatry Service,psychiatry,multi_setting,1618 Strawberry Ln,Johnson City,TN,37604,423-677-6787,,https://www.vanderbilthealth.com/program/older-adult-and-geriatric-psychiatry,The Older Adult and Geriatric Psychiatry program at the Vanderbilt Psychiatric Hospital provides inpatient and outpatient comprehensive diagnosis and specialized treatment for patients aged 55 and older. We care for adults with severe memory disorders or other neuropsychiatric disorders of aging.,,,unknown,unknown,60,npi-verified group practice; street-address-confirmed,,uncontacted,No,
"Amg-Hillside, Llc",psychiatry,multi_setting,1265 E College St,Pulaski,TN,38478,931-363-7531,,,"Amg-Hillside, Llc is a geriatric behavioral health practice serving seniors in Pulaski, TN.",,,unknown,unknown,60,npi-verified group practice; street-address-confirmed,,uncontacted,No,
Elderberry Psychiatric Consulting,psychiatry,multi_setting,327 Caldwell Dr Ste 500,Goodlettsville,TN,37072,615-239-1404,,,"Elderberry Psychiatric Consulting is a geriatric behavioral health practice serving seniors in Goodlettsville, TN.",,,unknown,unknown,60,npi-verified group practice; street-address-confirmed,,uncontacted,No,
Expertus Recovery Inc,psychiatry,multi_setting,2718 Squirrel Hollow Dr,Linden,TN,37096,931-589-8901,,,"Expertus Recovery Inc is a geriatric behavioral health practice serving seniors in Linden, TN.",,,unknown,unknown,60,npi-verified group practice; street-address-confirmed,,uncontacted,No,
"Geriatric Essentials, Pc",psychiatry,multi_setting,402 W Farthing St,Mayfield,TN,42066,731-571-8808,,,"Geriatric Essentials, Pc is a geriatric behavioral health practice serving seniors in Mayfield, TN.",,,unknown,unknown,60,npi-verified group practice; street-address-confirmed,,uncontacted,No,
"James R. Mcferrin, Md, Pc",psychiatry,multi_setting,2011 Ashwood Ave,Nashville,TN,37212,615-383-4694,,,"James R. Mcferrin, Md, Pc is a geriatric behavioral health practice serving seniors in Nashville, TN.",,,unknown,unknown,60,npi-verified group practice; street-address-confirmed,,flagged_for_review,No,Solo practitioner — verify if group practice before outreach
Medditelecare Of Tennessee Pllc,psychiatry,multi_setting,2908 Poston Ave,Nashville,TN,37203,860-788-6404,,,"Medditelecare Of Tennessee Pllc is a geriatric behavioral health practice serving seniors in Nashville, TN.",,,unknown,unknown,60,npi-verified group practice; street-address-confirmed,,uncontacted,No,
New Perspectives Psychiatry Pllc,psychiatry,multi_setting,3549 Norriswood Ave,Memphis,TN,38111,901-325-7820,,,"New Perspectives Psychiatry Pllc is a geriatric behavioral health practice serving seniors in Memphis, TN.",,,unknown,unknown,60,npi-verified group practice; street-address-confirmed,,uncontacted,No,
Panacea Psychiatric Center Plc,psychiatry,multi_setting,5651 Frist Blvd Ste 701,Hermitage,TN,37076,615-884-5669,,,"Panacea Psychiatric Center Plc is a geriatric behavioral health practice serving seniors in Hermitage, TN.",,,unknown,unknown,60,npi-verified group practice; street-address-confirmed,,uncontacted,No,
"Rogers Behavioral Health Practice - Tennessee, P.C.",psychiatry,multi_setting,9020 Overlook Blvd Ste 400,Brentwood,TN,37027,800-767-4411,,https://www.pcswtn.org/information/locations,Looking for a community mental health center near you? We recognize the needs of individuals with behavioral health conditions. Come visit us today!,,,unknown,unknown,60,npi-verified group practice; street-address-confirmed,,uncontacted,No,
Senior Health Consultants Inc,psychiatry,multi_setting,2620 Mineral Springs Ave,Knoxville,TN,37917,865-219-6968,,https://www.youtube.com/watch?v=X4gVWzbuytk,In which John discusses his difficult week and the mental health tips for social distancing from Partners in Health. You can read the PIH article here: https...,,,unknown,unknown,60,npi-verified group practice; street-address-confirmed,,uncontacted,No,
Southern Psychiatric Services,psychiatry,multi_setting,216 North Cross Street,Oneida,TN,37841,423-663-7350,,,"Southern Psychiatric Services is a geriatric behavioral health practice serving seniors in Oneida, TN.",,,unknown,unknown,60,npi-verified group practice; street-address-confirmed,,uncontacted,No,
Anza Wellness And Recovery,psychiatry,multi_setting,350 E. Commercial Rd,San Bernardino,AZ,92408,480-999-8200,,,"Anza Wellness And Recovery is a geriatric behavioral health practice serving seniors in San Bernardino, AZ.",,,unknown,unknown,60,npi-verified group practice; street-address-confirmed,,uncontacted,No,
Arizona Advanced Health Services Llc,psychiatry,multi_setting,10770 E Becker Ln,Scottsdale,AZ,85259,731-499-0888,,,"Arizona Advanced Health Services Llc is a geriatric behavioral health practice serving seniors in Scottsdale, AZ.",,,unknown,unknown,60,npi-verified group practice; street-address-confirmed,,flagged_for_review,No,
Ascension Medical Llc,psychiatry,multi_setting,9590 E Ironwood Sq Suite 210,Scottsdale,AZ,85258,480-668-3485,,,"Ascension Medical Llc is a geriatric behavioral health practice serving seniors in Scottsdale, AZ.",,,unknown,unknown,60,npi-verified group practice; street-address-confirmed,,uncontacted,No,
Caritas Health Associates Llc,psychiatry,multi_setting,2525 N 8Th St Ste 108,Grand Junction,AZ,81501,303-808-5566,,,"Caritas Health Associates Llc is a geriatric behavioral health practice serving seniors in Grand Junction, AZ.",,,unknown,unknown,60,npi-verified group practice; street-address-confirmed,,uncontacted,No,
"Dennis C. Westin, M.D. P.C.",psychiatry,multi_setting,5240 E Knight Dr Ste 120,Tucson,AZ,85712,520-795-0309,,https://www.md.com/doctor/dennis-westin-md,"Dennis C. Westin, M.D. P.C. is a behavioral health practice serving seniors in Tucson, AZ.",,,unknown,unknown,60,npi-verified group practice; street-address-confirmed,,flagged_for_review,No,Solo practitioner — verify if group practice before outreach
Geropsychmd Llc,psychiatry,multi_setting,9618 N 35Th Pl,Phoenix,AZ,85028,602-930-2248,,https://www.youtube.com/watch?v=hEypv90GzDE,A zero-cost 20 minute non-sleep deep rest (NSDR) from Huberman Lab to restore mental and physical energy.This 20-minute non-sleep deep rest (NSDR) is brought...,,,unknown,unknown,60,npi-verified group practice; street-address-confirmed,,uncontacted,No,
Meditelecare Of Arizona Pllc,psychiatry,multi_setting,8825 N 23Rd Ave Ste 100,Phoenix,AZ,85021,860-788-6404,,,"Meditelecare Of Arizona Pllc is a geriatric behavioral health practice serving seniors in Phoenix, AZ.",,,unknown,unknown,60,npi-verified group practice; street-address-confirmed,,uncontacted,No,
"Narendra Chauhan,Md.,Pllc",psychiatry,multi_setting,13236 N 7Th St,Phoenix,AZ,85022,602-451-7558,,https://www.tiktok.com/discover/arizona-mental-health,"Narendra Chauhan,Md.,Pllc is a behavioral health practice serving seniors in Phoenix, AZ.",,,unknown,unknown,60,npi-verified group practice; street-address-confirmed,,flagged_for_review,No,Solo practitioner — verify if group practice before outreach
Scottsdale Mental Health And Wellness Institute,psychiatry,multi_setting,8350 E Raintree Dr Ste 130,Scottsdale,AZ,85260,480-508-0882,,https://smhwi.com/fountain-hills-az/,"Scottsdale Mental Health And Wellness Institute is a behavioral health practice serving seniors in Scottsdale, AZ.",,,unknown,unknown,60,npi-verified group practice; street-address-confirmed,,flagged_for_review,No,
"Sorena Health, Llc",psychiatry,multi_setting,2 N Central Ave Ste 1800,Phoenix,AZ,85004,520-447-1606,,,"Sorena Health, Llc is a geriatric behavioral health practice serving seniors in Phoenix, AZ.",,,unknown,unknown,60,npi-verified group practice; street-address-confirmed,,uncontacted,No,
"Spectrum Healthcare Group, Inc",psychiatry,multi_setting,651 W Mingus Ave,Cottonwood,AZ,86326,928-634-2236,,https://www.tapartnership.org/locations/Cottonwood-AZ.htm,"Spectrum Healthcare Group, Inc is a behavioral health practice serving seniors in Cottonwood, AZ.",,,unknown,unknown,60,npi-verified group practice; street-address-confirmed,,uncontacted,No,
County Of Chesterfield Virginia,psychiatry,multi_setting,6801 Lucy Corr Ct,Chesterfield,VA,23832,804-748-1227,,https://www.tiktok.com/discover/what-happened-to-chesterfield-va,"County Of Chesterfield Virginia is a behavioral health practice serving seniors in Chesterfield, VA.",,,unknown,unknown,60,npi-verified group practice; street-address-confirmed,,uncontacted,No,
Crossroad Clinics Plc,psychiatry,multi_setting,12359 Sunrise Valley Dr Ste 320,Reston,VA,20191,703-596-4796,,,"Crossroad Clinics Plc is a geriatric behavioral health practice serving seniors in Reston, VA.",,,unknown,unknown,60,npi-verified group practice; street-address-confirmed,,uncontacted,No,
"David A Sayles Md, Pllc",psychiatry,multi_setting,6000 Stevenson Ave Ste 208,Alexandria,VA,22304,703-379-7215,,,"David A Sayles Md, Pllc is a geriatric behavioral health practice serving seniors in Alexandria, VA.",,,unknown,unknown,60,npi-verified group practice; street-address-confirmed,,flagged_for_review,No,Solo practitioner — verify if group practice before outreach
Dc Psychiatry Llc,psychiatry,multi_setting,1800 Town Center Dr Ste 420,Reston,VA,20190,703-869-5361,,,"Dc Psychiatry Llc is a geriatric behavioral health practice serving seniors in Reston, VA.",,,unknown,unknown,60,npi-verified group practice; street-address-confirmed,,uncontacted,No,
Dean J Storer Md Pc,psychiatry,multi_setting,6000 Stevenson Ave Ste 208,Alexandria,VA,22304,703-379-7215,,,"Dean J Storer Md Pc is a geriatric behavioral health practice serving seniors in Alexandria, VA.",,,unknown,unknown,60,npi-verified group practice; street-address-confirmed,,flagged_for_review,No,Solo practitioner — verify if group practice before outreach
"Dr Rhea N.Mehra,M.D.Inc",psychiatry,multi_setting,2121 Eisenhower Ave,Alexandria,VA,22314,703-953-1557,,https://providerwire.com/clinicorcenter/virginia,See all Clinics/Centers in Virginia.,,3,$500K-$1M,unknown,60,npi-verified group practice; street-address-confirmed,,flagged_for_review,No,Solo practitioner — verify if group practice before outreach
"Giovanna Morena M.D, P.C.",psychiatry,multi_setting,20749 Rainsboro Dr,Ashburn,VA,20147,703-723-1980,,,"Giovanna Morena M.D, P.C. is a geriatric behavioral health practice serving seniors in Ashburn, VA.",,,unknown,unknown,60,npi-verified group practice; street-address-confirmed,,flagged_for_review,No,Solo practitioner — verify if group practice before outreach
Kampieda Medical Group Llc,psychiatry,multi_setting,8300 Boone Blvd # 573,Vienna,VA,22182,540-446-2610,,https://kampiedahealthcare.com/,"Kampieda Medical Group Llc is a behavioral health practice serving seniors in Vienna, VA.",,,unknown,unknown,60,npi-verified group practice; street-address-confirmed,,uncontacted,No,
Legacy Health Management Solutions,psychiatry,multi_setting,5206 Markel Rd,Richmond,VA,23230,804-564-2746,,https://www.youtube.com/watch?v=gQWZczQ5jyA,"Enjoy the videos and music you love, upload original content, and share it all with friends, family, and the world on YouTube.",,,unknown,unknown,60,npi-verified group practice; street-address-confirmed,,uncontacted,No,
Ocean Psychiatric Group Pc,psychiatry,multi_setting,596 Lynnhaven Pkwy Ste 100,Virginia Beach,VA,23452,757-802-4500,,https://joonapp.io/psychiatrists/ocean-psychiatric-group-virginia-beach,Interested in working with a top rated ADHD Psychologist within the Virginia Beach area? Ocean Psychiatric Group is a highly ranked ADHD Specialist in this region. Learn more about their practice.,,,unknown,unknown,60,npi-verified group practice; street-address-confirmed,,uncontacted,No,
Premier Psychiatry Inc,psychiatry,multi_setting,11166 Fairfax Blvd Ste 401,Fairfax,VA,22030,703-505-1251,,,"Premier Psychiatry Inc is a geriatric behavioral health practice serving seniors in Fairfax, VA.",,,unknown,unknown,60,npi-verified group practice; street-address-confirmed,,uncontacted,No,
Psychiatric Care Center,psychiatry,multi_setting,300 Glebe Spring Ln,Yorktown,VA,23693,757-643-8989,,https://www.eirmc.com/specialties/mental-health-and-wellness,"Our specialists in Idaho Falls offer a full range of behavioral health services, including inpatient and outpatient treatment for teens and adults.",,,unknown,unknown,60,npi-verified group practice; street-address-confirmed,,uncontacted,No,
Sobha R Paluvoi Md Pc,psychiatry,multi_setting,19415 Deerfield Ave,Lansdowne,VA,20176,703-729-8830,,,"Sobha R Paluvoi Md Pc is a geriatric behavioral health practice serving seniors in Lansdowne, VA.",,,unknown,unknown,60,npi-verified group practice; street-address-confirmed,,flagged_for_review,No,Solo practitioner — verify if group practice before outreach
Collective Co Llc,psychiatry,multi_setting,400 S Colorado Blvd Ste 530,Glendale,CO,80246,720-262-2644,,,"Collective Co Llc is a geriatric behavioral health practice serving seniors in Glendale, CO.",,,unknown,unknown,60,npi-verified group practice; street-address-confirmed,,uncontacted,No,
Cr Dygert & Co,psychiatry,multi_setting,1550 S Potomac St,Aurora,CO,80012,720-998-5034,,,"Cr Dygert & Co is a geriatric behavioral health practice serving seniors in Aurora, CO.",,,unknown,unknown,60,npi-verified group practice; street-address-confirmed,,uncontacted,No,
"Geropsych, Pc",psychiatry,multi_setting,1601 Constitution Rd,Pueblo,CO,81001,719-562-7200,,,"Geropsych, Pc is a geriatric behavioral health practice serving seniors in Pueblo, CO.",,,unknown,unknown,60,npi-verified group practice; street-address-confirmed,,uncontacted,No,
Healthone Clinic Services Llc,psychiatry,multi_setting,700 Potomac St,Aurora,CO,80011,303-360-3260,,https://www.npinumberlookup.org/provider/high-risk-obstetric-registered-nurse,"NPI Registry, NPI Number, NPI Finder, NPI Lookup, NPI Search, Lookup NPI, Find NPI, Search NPI, National Provider Identifier, NPI Database, NPI Registry, NPI Directory",,,unknown,unknown,60,npi-verified group practice; street-address-confirmed,,uncontacted,No,
Meditelecare Of Colorado Llc,psychiatry,multi_setting,1900 W Littleton Blvd,Littleton,CO,80120,860-788-6404,,,"Meditelecare Of Colorado Llc is a geriatric behavioral health practice serving seniors in Littleton, CO.",,,unknown,unknown,60,npi-verified group practice; street-address-confirmed,,uncontacted,No,
Neighborhood Psychiatric Associates Of Manhattan Pllc,psychiatry,multi_setting,32 Union Sq E Ste 300,New York,CO,10003,929-329-3887,,,"Neighborhood Psychiatric Associates Of Manhattan Pllc is a geriatric behavioral health practice serving seniors in New York, CO.",,,unknown,unknown,60,npi-verified group practice; street-address-confirmed,,uncontacted,No,
Peak Healthcare Llc,psychiatry,multi_setting,2679 W Main St # 300-781,Littleton,CO,80120,720-669-3470,,https://www.youtube.com/watch?v=-bXV86zufeA,"Thanks to Squarespace for sponsoring this video!For 10% off your first purchase of website or domain, go to https://www.squarespace.com/wongfu​We at Wong Fu ...",,,unknown,unknown,60,npi-verified group practice; street-address-confirmed,,uncontacted,No,
Rogers Behavioral Health Practice - Colorado Pc,psychiatry,multi_setting,10333 E Dry Creek Rd Ste 350,Englewood,CO,80112,800-767-4411,,https://www.youtube.com/channel/UCoKMuiMSxWVVF9-tTCXHZvQ,Rogers Behavioral Health is a non-profit provider of highly effective specialized mental health and addiction treatment. Based in Wisconsin since 1907 with l...,,,unknown,unknown,60,npi-verified group practice; street-address-confirmed,,uncontacted,No,
Path to Healing,psychiatry,snf,,Baxter,MN,56425,2545352419,connect@travelinglightpsych.com,https://www.travelinglightpsych.com/,Traveling Light provides mental health services to residents of long term care facilities in central Minnesota. Specializing in geriatric psychiatry.,,,unknown,unknown,60,email-found,,uncontacted,No,
William B Orr Consulting Pa,psychiatry,multi_setting,1863 Hampshire Ave,Saint Paul,MN,55116,651-528-8183,,,"William B Orr Consulting Pa is a geriatric behavioral health practice serving seniors in Saint Paul, MN.",,,unknown,unknown,60,npi-verified group practice; street-address-confirmed,,uncontacted,No,
Aspire Indiana Inc.,psychiatry,multi_setting,9615 E 148Th St Ste 1,Noblesville,IN,46060,317-574-1254,,https://www.rehablist.org/rehab-in,Looking for drug & alcohol rehab in Indiana? Easily find inpatient and outpatient treatment options from a list of 275 Indiana rehab centers.,,,unknown,unknown,60,npi-verified group practice; street-address-confirmed,,uncontacted,No,
Dewnzar Howard Md,psychiatry,multi_setting,701 Superior Ave,Munster,IN,46321,219-934-4100,,,"Dewnzar Howard Md is a geriatric behavioral health practice serving seniors in Munster, IN.",,,unknown,unknown,60,npi-verified group practice; street-address-confirmed,,flagged_for_review,No,Solo practitioner — verify if group practice before outreach
Hopewell Healthcare Llc,psychiatry,multi_setting,2063 Finchley Rd,Carmel,IN,46032,615-478-3720,,https://www.hopewellhealthcarellc.org/,"Hopewell Healthcare Llc is a behavioral health practice serving seniors in Carmel, IN.",2025,,unknown,unknown,60,npi-verified group practice; street-address-confirmed,,uncontacted,No,
Humble Humility Mental Health P.C.,psychiatry,multi_setting,55 S State Ave Ste 369,Indianapolis,IN,46201,317-983-9945,,https://www.humblehumilitymh.com/blank-3,"Humble Humility Mental Health P.C. is a behavioral health practice serving seniors in Indianapolis, IN.",,,unknown,unknown,60,npi-verified group practice; street-address-confirmed,,uncontacted,No,
"Indiana Geriatric Associates, P.C.",psychiatry,multi_setting,38 Twinshore Ct,Carmel,IN,46033,317-566-9904,,,"Indiana Geriatric Associates, P.C. is a geriatric behavioral health practice serving seniors in Carmel, IN.",,,unknown,unknown,60,npi-verified group practice; street-address-confirmed,,flagged_for_review,No,
"Professional Development Associates, Llc",psychiatry,multi_setting,1776 Summerlakes Ct,Carmel,IN,46032,888-822-9732,,,"Professional Development Associates, Llc is a geriatric behavioral health practice serving seniors in Carmel, IN.",,,unknown,unknown,60,npi-verified group practice; street-address-confirmed,,uncontacted,No,
S4 Specialty Consultants Llc,psychiatry,multi_setting,900 N High School Rd,Indianapolis,IN,46214,615-478-3720,,,"S4 Specialty Consultants Llc is a geriatric behavioral health practice serving seniors in Indianapolis, IN.",,,unknown,unknown,60,npi-verified group practice; street-address-confirmed,,uncontacted,No,
"Santosh Singh Md, Inc",psychiatry,multi_setting,1605 W Kem Rd,Marion,IN,46952,765-668-8071,,,"Santosh Singh Md, Inc is a geriatric behavioral health practice serving seniors in Marion, IN.",,,unknown,unknown,60,npi-verified group practice; street-address-confirmed,,flagged_for_review,No,Solo practitioner — verify if group practice before outreach
South Central General And Geriatric Psychiatry Pc,psychiatry,multi_setting,8651 Jaffa Court East Dr Apt 11,Indianapolis,IN,46260,317-414-7372,,,"South Central General And Geriatric Psychiatry Pc is a geriatric behavioral health practice serving seniors in Indianapolis, IN.",,,unknown,unknown,60,npi-verified group practice; street-address-confirmed,,uncontacted,No,
Ten Broeck Tennessee Physicians Group Inc,psychiatry,multi_setting,819 N 1St St,Dennison,IN,44621,740-922-7415,,,"Ten Broeck Tennessee Physicians Group Inc is a geriatric behavioral health practice serving seniors in Dennison, IN.",,,unknown,unknown,60,npi-verified group practice; street-address-confirmed,,uncontacted,No,
On-Site Behavioral Health Program in Nursing Facilities,psychiatry,multi_setting,,Jackson,OH,38305,2545352419,605a7baede844d278b89dc95ae0a9123@sentry-next.wixpress.com,https://www.ultrahealthproviders.com/bhp,"Our PMHNPs conduct thorough evaluations to identify mental health concerns such as depression, anxiety, bipolar disorder, and dementia-related behaviors.",,,unknown,unknown,58,partner facilities; email-found,,uncontacted,No,
Mental Health Services For Adults & Seniors,psychiatry,multi_setting,,Novi,TX,48377,8779069699,,https://www.behavioralcaresolutions.com/,"Behavioral Care Solutions provides on-site & remote psychiatric & psychological services for adults & seniors in long-term care facilities. Licensed Psychiatrists, Clinical Psychologists, Nurse Practitioners, Physicians Assistants, and Masters Level Social Workers.",,,unknown,unknown,55,snf-delivery-confirmed,,uncontacted,No,
International Community Health Services - ICHS | Seattle,psychology,alf,,Seattle,IN,98104,2067883700,legacyhouseinfo@ichs.com,https://www.ichs.com/services/assisted-living,International Community Health Services provides medical & dental care to Seattle & King County Asian & Pacific Islander communities as a nonprofit (ICHS).,,,unknown,unknown,55,regional; email-found,substance use disorder; addiction; dental,flagged_for_review,No,
Transforming Lives Through Integrative Psychiatric Care,psychiatry,snf,,,FL,,1722041305,debra@thethoughtfulgarden.org,https://www.thoughtfulgarden.org/,"Get Integrative Mental Health Care Services in RI. Experience virtual psychiatric care, telehealth mental wellness, and remote mental health consultations.",2023,,unknown,unknown,50,email-found,,uncontacted,No,
Oak Forest Health and Rehabilitation,psychiatry,multi_setting,,Salem,GA,27105,1778182666,,https://www.seniorlivingguide.com/communities/oak-forest-health-and-rehabilitation-5680-windy-hill-drive-winston-salem-nc-27105/,"Skilled Nursing & Rehab in Winston-Salem NC at Oak Forest Health and Rehabilitation pictures, amenities, services, map and contact info",,,unknown,unknown,50,snf-delivery-confirmed,,flagged_for_review,No,
Elderly Care — Florida Mental Health Coalition,psychiatry,multi_setting,,Fort Lauderdale,FL,33316,3141925352,user@domain.com,https://www.floridamhc.org/honoring-heroes-1-1,To offer comprehensive mental health services to uninsured or under-insured seniors.,,,unknown,unknown,50,email-found,,uncontacted,No,
Helping You Remain At Home With Supportive Care,psychiatry,multi_setting,,Lexington,NC,27292,1089192825,,https://carolinaseniorcare.org/,"Carolina SeniorCare is a non-profit provider of PACE services sponsored by the NC-based ministry, United Church Homes and Services.",,,unknown,unknown,50,,podiatry; dental,flagged_for_review,No,
Careplan Care Managers,combined,multi_setting,,,OH,,1056886539,,https://www.careplangcm.com/,"CarePlan - Careplan is the number one care management service in Greater Cleveland. It offers medical, home care, placement management, and care planning.",,,unknown,unknown,50,,,uncontacted,No,
Welcome to SNF Psych Provider,psychiatry,snf,,Jersey City,OH,07306,1773268630,info@snfpsychprovider.com,https://snfpsychprovider.com/,Healthcare Workforce Platform,,,unknown,unknown,50,email-found,,uncontacted,No,
services,psychiatry,multi_setting,,,AZ,,480-271-7759,,https://integrityseniorplacement.com/phoenix-az-senior-living-placement/behavioral-group-homes/,"Find trusted behavioral group homes in Phoenix, AZ. Get safe, structured care for seniors with mental health needs and expert placement support.",2021,,unknown,unknown,50,,addiction,flagged_for_review,No,
Geriatric Inpatient Services,psychiatry,snf,,Athens,TN,37303,1423745141,,https://www.starrregional.com/behavioral-health/geriatric-behavioral-health,"We provide high-quality, evidence-based behavioral health services designed to meet the unique needs of seniors throughout the community.",,,unknown,unknown,45,regional,,uncontacted,No,
Long Term Care,neuropsychology,multi_setting,,Orland Park,IL,60467,1762917514,,https://benchmarkpsychservices.com/long-term-care/psychiatric-services,"Benchmark Psychiatric Services, LTD. is a mental health organization dedicated to the provision of child, adult, geriatric, and family wellness.",,,unknown,unknown,40,,,uncontacted,No,
